{"min_dps":[0.0,0.0,0.0,0.0,0.0,0.0],"fps":[0.0,0.0,0.0,0.0,0.0,0.0],"ID":[1,1,1,1,1,1],"Lc":[30.0,30.0,30.0,30.0,30.0,30.0],"carbon":[13.887379743068838,13.887379743068838,13.887379743068838,13.887379743068838,13.887379743068838,13.887379743068838],"Pu":[622.0318995354193,622.0318995354193,622.0318995354193,622.0318995354193,622.0318995354193,622.0318995354193],"fc′":[40.0,40.0,40.0,40.0,40.0,40.0],"max_dps":[0.0,0.0,0.0,0.0,0.0,0.0],"T":[2.0,2.0,2.0,2.0,2.0,2.0],"as":[100.53096491487338,100.53096491487338,100.53096491487338,100.53096491487338,100.53096491487338,100.53096491487338],"fpe":[0.0,0.0,0.0,0.0,0.0,0.0],"Vu":[29.458088857744062,29.458088857744062,29.458088857744062,29.458088857744062,29.458088857744062,29.458088857744062],"fR3":[3.5,3.5,3.5,3.5,3.5,3.5],"dosage":[20.0,20.0,20.0,20.0,20.0,20.0],"L":[205.0,205.0,205.0,205.0,205.0,205.0],"Mu":[38.5312762318468,38.5312762318468,38.5312762318468,38.5312762318468,38.5312762318468,38.5312762318468],"axial_force":[98.19362952581355,98.19362952581355,98.19362952581355,98.19362952581355,98.19362952581355,98.19362952581355],"dps":[0.0,0.0,0.0,0.0,0.0,0.0],"t":[35.0,35.0,35.0,35.0,35.0,35.0],"fR1":[2.97,2.97,2.97,2.97,2.97,2.97]}