{"min_dps":[0.0,50.0,50.0,50.0,50.0,50.0,50.0,50.0,50.0,0.0],"fps":[0.0,204.38839579896361,204.38839579896361,204.38839579896361,204.38839579896361,204.38839579896361,204.38839579896361,204.38839579896361,204.38839579896361,0.0],"ID":[1531,3061,3061,3061,3061,3061,3061,3061,3061,1531],"Lc":[30.0,30.0,30.0,30.0,30.0,30.0,30.0,30.0,30.0,30.0],"carbon":[20.900121821129158,20.900121821129158,20.900121821129158,20.900121821129158,20.900121821129158,20.900121821129158,20.900121821129158,20.900121821129158,20.900121821129158,20.900121821129158],"Pu":[933.0478493031288,933.0478493031288,933.0478493031288,933.0478493031288,933.0478493031288,933.0478493031288,933.0478493031288,933.0478493031288,933.0478493031288,933.0478493031288],"fc′":[40.0,40.0,40.0,40.0,40.0,40.0,40.0,40.0,40.0,40.0],"max_dps":[50.0,150.0,200.0,250.0,300.0,300.0,250.0,200.0,150.0,50.0],"T":[3.0,3.0,3.0,3.0,3.0,3.0,3.0,3.0,3.0,3.0],"as":[157.07963267948966,157.07963267948966,157.07963267948966,157.07963267948966,157.07963267948966,157.07963267948966,157.07963267948966,157.07963267948966,157.07963267948966,157.07963267948966],"fpe":[0.0,0.0,0.0,0.0,0.0,0.0,0.0,0.0,0.0,0.0],"Vu":[44.79251170908738,44.79251170908738,44.79251170908738,44.79251170908738,44.79251170908738,44.79251170908738,44.79251170908738,44.79251170908738,44.79251170908738,44.79251170908738],"fR3":[3.5,3.5,3.5,3.5,3.5,3.5,3.5,3.5,3.5,3.5],"dosage":[20.0,20.0,20.0,20.0,20.0,20.0,20.0,20.0,20.0,20.0],"L":[205.0,205.0,205.0,205.0,205.0,205.0,205.0,205.0,205.0,205.0],"Mu":[44.92071754589419,192.60167828289306,192.60167828289306,192.60167828289306,192.60167828289306,192.60167828289306,192.60167828289306,192.60167828289306,192.60167828289306,44.92071754589419],"axial_force":[149.3083723636246,149.3083723636246,149.3083723636246,149.3083723636246,149.3083723636246,149.3083723636246,149.3083723636246,149.3083723636246,149.3083723636246,149.3083723636246],"dps":[0.0,50.0,50.0,50.0,50.0,50.0,50.0,50.0,50.0,0.0],"t":[35.0,35.0,35.0,35.0,35.0,35.0,35.0,35.0,35.0,35.0],"fR1":[2.97,2.97,2.97,2.97,2.97,2.97,2.97,2.97,2.97,2.97]}