{"min_dps":[0.0,0.0,50.0,50.0,50.0,50.0,50.0,50.0,0.0,0.0],"fps":[0.0,0.0,384.97280265382096,279.98186843588064,279.98186843588064,279.98186843588064,279.98186843588064,384.97280265382096,0.0,0.0],"ID":[613,613,1072,919,919,919,919,1072,613,613],"Lc":[30.0,30.0,30.0,30.0,30.0,30.0,30.0,30.0,30.0,30.0],"carbon":[22.06738068435758,22.06738068435758,22.06738068435758,20.278651962396026,20.278651962396026,20.278651962396026,20.278651962396026,22.06738068435758,22.06738068435758,22.06738068435758],"Pu":[1399.5717739546933,1399.5717739546933,1399.5717739546933,933.0478493031288,933.0478493031288,933.0478493031288,933.0478493031288,1399.5717739546933,1399.5717739546933,1399.5717739546933],"fc′":[60.0,60.0,60.0,40.0,40.0,40.0,40.0,60.0,60.0,60.0],"max_dps":[50.0,150.0,200.0,250.0,300.0,300.0,250.0,200.0,150.0,50.0],"T":[3.0,3.0,3.0,3.0,3.0,3.0,3.0,3.0,3.0,3.0],"as":[100.53096491487338,100.53096491487338,100.53096491487338,100.53096491487338,100.53096491487338,100.53096491487338,100.53096491487338,100.53096491487338,100.53096491487338,100.53096491487338],"fpe":[0.0,0.0,0.0,0.0,0.0,0.0,0.0,0.0,0.0,0.0],"Vu":[44.68157086012512,44.68157086012512,44.68157086012512,38.60101643188686,38.60101643188686,38.60101643188686,38.60101643188686,44.68157086012512,44.68157086012512,44.68157086012512],"fR3":[4.45,4.45,4.45,3.5,3.5,3.5,3.5,4.45,4.45,4.45],"dosage":[20.0,20.0,20.0,20.0,20.0,20.0,20.0,20.0,20.0,20.0],"L":[205.0,205.0,205.0,205.0,205.0,205.0,205.0,205.0,205.0,205.0],"Mu":[67.3810763188413,67.3810763188413,287.1346737535974,193.90088045207608,193.90088045207608,193.90088045207608,193.90088045207608,287.1346737535974,67.3810763188413,67.3810763188413],"axial_force":[136.39999999999415,136.39999999999415,136.39999999999415,136.39999999999415,136.39999999999415,136.39999999999415,136.39999999999415,136.39999999999415,136.39999999999415,136.39999999999415],"dps":[0.0,0.0,50.0,50.0,50.0,50.0,50.0,50.0,0.0,0.0],"t":[35.0,35.0,35.0,35.0,35.0,35.0,35.0,35.0,35.0,35.0],"fR1":[3.84,3.84,3.84,2.97,2.97,2.97,2.97,3.84,3.84,3.84]}