{"min_dps":[0.0,50.0,50.0,50.0,50.0,50.0,50.0,50.0,50.0,0.0],"fps":[0.0,279.98186843588064,279.98186843588064,279.98186843588064,279.98186843588064,279.98186843588064,279.98186843588064,279.98186843588064,279.98186843588064,0.0],"ID":[2602,4897,4897,4591,4591,4591,4591,4897,4897,2602],"Lc":[30.0,30.0,30.0,30.0,30.0,30.0,30.0,30.0,30.0,30.0],"carbon":[21.01749075709307,21.01749075709307,21.01749075709307,20.278651962396026,20.278651962396026,20.278651962396026,20.278651962396026,21.01749075709307,21.01749075709307,21.01749075709307],"Pu":[933.0478493031288,933.0478493031288,933.0478493031288,933.0478493031288,933.0478493031288,933.0478493031288,933.0478493031288,933.0478493031288,933.0478493031288,933.0478493031288],"fc′":[40.0,40.0,40.0,40.0,40.0,40.0,40.0,40.0,40.0,40.0],"max_dps":[50.0,150.0,200.0,250.0,300.0,300.0,250.0,200.0,150.0,50.0],"T":[3.0,3.0,3.0,3.0,3.0,3.0,3.0,3.0,3.0,3.0],"as":[100.53096491487338,100.53096491487338,100.53096491487338,100.53096491487338,100.53096491487338,100.53096491487338,100.53096491487338,100.53096491487338,100.53096491487338,100.53096491487338],"fpe":[0.0,0.0,0.0,0.0,0.0,0.0,0.0,0.0,0.0,0.0],"Vu":[42.241210773771144,42.241210773771144,42.241210773771144,38.60101643188686,38.60101643188686,38.60101643188686,38.60101643188686,42.241210773771144,42.241210773771144,42.241210773771144],"fR3":[4.72,4.72,4.72,3.5,3.5,3.5,3.5,4.72,4.72,4.72],"dosage":[30.0,30.0,30.0,20.0,20.0,20.0,20.0,30.0,30.0,30.0],"L":[205.0,205.0,205.0,205.0,205.0,205.0,205.0,205.0,205.0,205.0],"Mu":[44.92071754589419,193.90088045207608,193.90088045207608,193.90088045207608,193.90088045207608,193.90088045207608,193.90088045207608,193.90088045207608,193.90088045207608,44.92071754589419],"axial_force":[136.39999999999415,136.39999999999415,136.39999999999415,136.39999999999415,136.39999999999415,136.39999999999415,136.39999999999415,136.39999999999415,136.39999999999415,136.39999999999415],"dps":[0.0,50.0,50.0,50.0,50.0,50.0,50.0,50.0,50.0,0.0],"t":[35.0,35.0,35.0,35.0,35.0,35.0,35.0,35.0,35.0,35.0],"fR1":[4.01,4.01,4.01,2.97,2.97,2.97,2.97,4.01,4.01,4.01]}