{"min_dps":[0.0,0.0,0.0,0.0,0.0,0.0,0.0,0.0,0.0,0.0,0.0],"fps":[0.0,0.0,0.0,0.0,0.0,0.0,0.0,0.0,0.0,0.0,0.0],"ID":[460,460,460,460,460,460,460,460,460,460,460],"Lc":[30.0,30.0,30.0,30.0,30.0,30.0,30.0,30.0,30.0,30.0,30.0],"carbon":[20.278651962396026,20.278651962396026,20.278651962396026,20.278651962396026,20.278651962396026,20.278651962396026,20.278651962396026,20.278651962396026,20.278651962396026,20.278651962396026,20.278651962396026],"Pu":[933.0478493031288,933.0478493031288,933.0478493031288,933.0478493031288,933.0478493031288,933.0478493031288,933.0478493031288,933.0478493031288,933.0478493031288,933.0478493031288,933.0478493031288],"fc′":[40.0,40.0,40.0,40.0,40.0,40.0,40.0,40.0,40.0,40.0,40.0],"max_dps":[200.0,200.0,200.0,200.0,200.0,200.0,200.0,200.0,200.0,200.0,200.0],"T":[3.0,3.0,3.0,3.0,3.0,3.0,3.0,3.0,3.0,3.0,3.0],"as":[100.53096491487338,100.53096491487338,100.53096491487338,100.53096491487338,100.53096491487338,100.53096491487338,100.53096491487338,100.53096491487338,100.53096491487338,100.53096491487338,100.53096491487338],"fpe":[0.0,0.0,0.0,0.0,0.0,0.0,0.0,0.0,0.0,0.0,0.0],"Vu":[38.60101643188686,38.60101643188686,38.60101643188686,38.60101643188686,38.60101643188686,38.60101643188686,38.60101643188686,38.60101643188686,38.60101643188686,38.60101643188686,38.60101643188686],"fR3":[3.5,3.5,3.5,3.5,3.5,3.5,3.5,3.5,3.5,3.5,3.5],"dosage":[20.0,20.0,20.0,20.0,20.0,20.0,20.0,20.0,20.0,20.0,20.0],"L":[205.0,205.0,205.0,205.0,205.0,205.0,205.0,205.0,205.0,205.0,205.0],"Mu":[44.92071754589419,44.92071754589419,44.92071754589419,44.92071754589419,44.92071754589419,44.92071754589419,44.92071754589419,44.92071754589419,44.92071754589419,44.92071754589419,44.92071754589419],"axial_force":[128.6700547729562,128.6700547729562,128.6700547729562,128.6700547729562,128.6700547729562,128.6700547729562,128.6700547729562,128.6700547729562,128.6700547729562,128.6700547729562,128.6700547729562],"dps":[0.0,0.0,0.0,0.0,0.0,0.0,0.0,0.0,0.0,0.0,0.0],"t":[35.0,35.0,35.0,35.0,35.0,35.0,35.0,35.0,35.0,35.0,35.0],"fR1":[2.97,2.97,2.97,2.97,2.97,2.97,2.97,2.97,2.97,2.97,2.97]}