{"min_dps":[0.0,50.0,50.0,50.0,100.0,100.0,100.0,100.0,100.0,100.0,50.0,50.0,50.0,0.0],"fps":[0.0,289.98186843588064,289.98186843588064,289.98186843588064,289.98186843588064,289.98186843588064,289.98186843588064,289.98186843588064,289.98186843588064,289.98186843588064,289.98186843588064,289.98186843588064,289.98186843588064,0.0],"ID":[767,920,920,920,1379,1379,1379,1379,1379,1379,920,920,920,767],"Lc":[30.0,30.0,30.0,30.0,30.0,30.0,30.0,30.0,30.0,30.0,30.0,30.0,30.0,30.0],"carbon":[23.85610940631913,20.278651962396026,20.278651962396026,20.278651962396026,20.278651962396026,20.278651962396026,20.278651962396026,20.278651962396026,20.278651962396026,20.278651962396026,20.278651962396026,20.278651962396026,20.278651962396026,23.85610940631913],"Pu":[1866.0956986062577,933.0478493031288,933.0478493031288,933.0478493031288,933.0478493031288,933.0478493031288,933.0478493031288,933.0478493031288,933.0478493031288,933.0478493031288,933.0478493031288,933.0478493031288,933.0478493031288,1866.0956986062577],"fc′":[80.0,40.0,40.0,40.0,40.0,40.0,40.0,40.0,40.0,40.0,40.0,40.0,40.0,80.0],"max_dps":[0.0,100.0,150.0,200.0,250.0,250.0,300.0,300.0,250.0,250.0,200.0,150.0,100.0,0.0],"T":[3.0,3.0,3.0,3.0,3.0,3.0,3.0,3.0,3.0,3.0,3.0,3.0,3.0,3.0],"as":[100.53096491487338,100.53096491487338,100.53096491487338,100.53096491487338,100.53096491487338,100.53096491487338,100.53096491487338,100.53096491487338,100.53096491487338,100.53096491487338,100.53096491487338,100.53096491487338,100.53096491487338,100.53096491487338],"fpe":[10.0,10.0,10.0,10.0,10.0,10.0,10.0,10.0,10.0,10.0,10.0,10.0,10.0,10.0],"Vu":[177.4692503394367,101.93005597734808,101.93005597734808,101.93005597734808,101.93005597734808,101.93005597734808,101.93005597734808,101.93005597734808,101.93005597734808,101.93005597734808,101.93005597734808,101.93005597734808,101.93005597734808,177.4692503394367],"fR3":[5.73,3.5,3.5,3.5,3.5,3.5,3.5,3.5,3.5,3.5,3.5,3.5,3.5,5.73],"dosage":[20.0,20.0,20.0,20.0,20.0,20.0,20.0,20.0,20.0,20.0,20.0,20.0,20.0,20.0],"L":[205.0,205.0,205.0,205.0,205.0,205.0,205.0,205.0,205.0,205.0,205.0,205.0,205.0,205.0],"Mu":[89.82004242684998,193.5600241751068,193.5600241751068,193.5600241751068,251.87551475655232,251.87551475655232,251.87551475655232,251.87551475655232,251.87551475655232,251.87551475655232,193.5600241751068,193.5600241751068,193.5600241751068,89.82004242684998],"axial_force":[278.99999999995936,278.99999999995936,278.99999999995936,278.99999999995936,278.99999999995936,278.99999999995936,278.99999999995936,278.99999999995936,278.99999999995936,278.99999999995936,278.99999999995936,278.99999999995936,278.99999999995936,278.99999999995936],"dps":[0.0,50.0,50.0,50.0,100.0,100.0,100.0,100.0,100.0,100.0,50.0,50.0,50.0,0.0],"t":[35.0,35.0,35.0,35.0,35.0,35.0,35.0,35.0,35.0,35.0,35.0,35.0,35.0,35.0],"fR1":[5.11,2.97,2.97,2.97,2.97,2.97,2.97,2.97,2.97,2.97,2.97,2.97,2.97,5.11]}