{"min_dps":[0.0,50.0,50.0,50.0,100.0,100.0,100.0,100.0,100.0,100.0,50.0,50.0,50.0,0.0],"fps":[0.0,214.38839579896361,214.38839579896361,214.38839579896361,214.38839579896361,214.38839579896361,214.38839579896361,214.38839579896361,214.38839579896361,214.38839579896361,214.38839579896361,214.38839579896361,214.38839579896361,0.0],"ID":[2552,3062,3062,3062,4592,4592,4592,4592,4592,4592,3062,3062,3062,2552],"Lc":[30.0,30.0,30.0,30.0,30.0,30.0,30.0,30.0,30.0,30.0,30.0,30.0,30.0,30.0],"carbon":[24.477579265052263,20.900121821129158,20.900121821129158,20.900121821129158,20.900121821129158,20.900121821129158,20.900121821129158,20.900121821129158,20.900121821129158,20.900121821129158,20.900121821129158,20.900121821129158,20.900121821129158,24.477579265052263],"Pu":[1866.0956986062577,933.0478493031288,933.0478493031288,933.0478493031288,933.0478493031288,933.0478493031288,933.0478493031288,933.0478493031288,933.0478493031288,933.0478493031288,933.0478493031288,933.0478493031288,933.0478493031288,1866.0956986062577],"fc′":[80.0,40.0,40.0,40.0,40.0,40.0,40.0,40.0,40.0,40.0,40.0,40.0,40.0,80.0],"max_dps":[0.0,100.0,150.0,200.0,250.0,250.0,300.0,300.0,250.0,250.0,200.0,150.0,100.0,0.0],"T":[3.0,3.0,3.0,3.0,3.0,3.0,3.0,3.0,3.0,3.0,3.0,3.0,3.0,3.0],"as":[157.07963267948966,157.07963267948966,157.07963267948966,157.07963267948966,157.07963267948966,157.07963267948966,157.07963267948966,157.07963267948966,157.07963267948966,157.07963267948966,157.07963267948966,157.07963267948966,157.07963267948966,157.07963267948966],"fpe":[10.0,10.0,10.0,10.0,10.0,10.0,10.0,10.0,10.0,10.0,10.0,10.0,10.0,10.0],"Vu":[185.61922036339507,108.12155125454859,108.12155125454859,108.12155125454859,108.12155125454859,108.12155125454859,108.12155125454859,108.12155125454859,108.12155125454859,108.12155125454859,108.12155125454859,108.12155125454859,108.12155125454859,185.61922036339507],"fR3":[5.73,3.5,3.5,3.5,3.5,3.5,3.5,3.5,3.5,3.5,3.5,3.5,3.5,5.73],"dosage":[20.0,20.0,20.0,20.0,20.0,20.0,20.0,20.0,20.0,20.0,20.0,20.0,20.0,20.0],"L":[205.0,205.0,205.0,205.0,205.0,205.0,205.0,205.0,205.0,205.0,205.0,205.0,205.0,205.0],"Mu":[89.80800905282213,192.11205153196045,192.11205153196045,192.11205153196045,250.42754211340596,250.42754211340596,250.42754211340596,250.42754211340596,250.42754211340596,250.42754211340596,192.11205153196045,192.11205153196045,192.11205153196045,89.80800905282213],"axial_force":[618.7307345446503,618.7307345446503,618.7307345446503,618.7307345446503,618.7307345446503,618.7307345446503,618.7307345446503,618.7307345446503,618.7307345446503,618.7307345446503,618.7307345446503,618.7307345446503,618.7307345446503,618.7307345446503],"dps":[0.0,50.0,50.0,50.0,100.0,100.0,100.0,100.0,100.0,100.0,50.0,50.0,50.0,0.0],"t":[35.0,35.0,35.0,35.0,35.0,35.0,35.0,35.0,35.0,35.0,35.0,35.0,35.0,35.0],"fR1":[5.11,2.97,2.97,2.97,2.97,2.97,2.97,2.97,2.97,2.97,2.97,2.97,2.97,5.11]}