{
    "min_dps": [
        50.0,
        50.0,
        50.0,
        100.0,
        300.0,
        300.0,
        300.0,
        300.0,
        100.0,
        50.0,
        50.0,
        50.0,
        50.0,
        50.0,
        50.0,
        100.0,
        150.0,
        150.0,
        150.0,
        150.0,
        100.0,
        50.0,
        50.0,
        50.0,
        0.0,
        0.0,
        0.0,
        0.0,
        0.0,
        0.0,
        0.0,
        0.0,
        0.0,
        0.0,
        0.0,
        0.0
    ],
    "fps": [
        184.29093421794033,
        184.29093421794033,
        184.29093421794033,
        184.29093421794033,
        131.79546710897017,
        131.79546710897017,
        131.79546710897017,
        131.79546710897017,
        184.29093421794033,
        184.29093421794033,
        184.29093421794033,
        184.29093421794033,
        184.29093421794033,
        184.29093421794033,
        184.29093421794033,
        184.29093421794033,
        158.04320066345528,
        158.04320066345528,
        158.04320066345528,
        158.04320066345528,
        184.29093421794033,
        184.29093421794033,
        184.29093421794033,
        184.29093421794033,
        0.0,
        0.0,
        0.0,
        0.0,
        0.0,
        0.0,
        0.0,
        0.0,
        0.0,
        0.0,
        0.0,
        0.0
    ],
    "ID": [
        3005,
        3005,
        3005,
        3005,
        2669,
        2669,
        2669,
        2669,
        3005,
        3005,
        3005,
        3005,
        2249,
        2249,
        2249,
        2249,
        2039,
        2039,
        2039,
        2039,
        2249,
        2249,
        2249,
        2249,
        3277,
        3277,
        3277,
        3277,
        3277,
        3277,
        3277,
        3277,
        3277,
        3277,
        3277,
        3277
    ],
    "Lc": [
        30.0,
        30.0,
        30.0,
        30.0,
        30.0,
        30.0,
        30.0,
        30.0,
        30.0,
        30.0,
        30.0,
        30.0,
        30.0,
        30.0,
        30.0,
        30.0,
        30.0,
        30.0,
        30.0,
        30.0,
        30.0,
        30.0,
        30.0,
        30.0,
        30.0,
        30.0,
        30.0,
        30.0,
        30.0,
        30.0,
        30.0,
        30.0,
        30.0,
        30.0,
        30.0,
        30.0
    ],
    "carbon": [
        28.648292908956602,
        28.648292908956602,
        28.648292908956602,
        28.648292908956602,
        23.593157875639402,
        23.593157875639402,
        23.593157875639402,
        23.593157875639402,
        28.648292908956602,
        28.648292908956602,
        28.648292908956602,
        28.648292908956602,
        28.648292908956602,
        28.648292908956602,
        28.648292908956602,
        28.648292908956602,
        25.381886597600957,
        25.381886597600957,
        25.381886597600957,
        25.381886597600957,
        28.648292908956602,
        28.648292908956602,
        28.648292908956602,
        28.648292908956602,
        32.82091157080543,
        32.82091157080543,
        32.82091157080543,
        32.82091157080543,
        32.82091157080543,
        32.82091157080543,
        32.82091157080543,
        32.82091157080543,
        32.82091157080543,
        32.82091157080543,
        32.82091157080543,
        32.82091157080543
    ],
    "load": [
        430.0,
        430.0,
        430.0,
        430.0,
        430.0,
        430.0,
        430.0,
        430.0,
        430.0,
        430.0,
        430.0,
        430.0,
        430.0,
        430.0,
        430.0,
        430.0,
        430.0,
        430.0,
        430.0,
        430.0,
        430.0,
        430.0,
        430.0,
        430.0,
        2480.0,
        2480.0,
        2480.0,
        2480.0,
        2480.0,
        2480.0,
        2480.0,
        2480.0,
        2480.0,
        2480.0,
        2480.0,
        2480.0
    ],
    "Pu": [
        1866.0956986062577,
        1866.0956986062577,
        1866.0956986062577,
        1866.0956986062577,
        933.0478493031288,
        933.0478493031288,
        933.0478493031288,
        933.0478493031288,
        1866.0956986062577,
        1866.0956986062577,
        1866.0956986062577,
        1866.0956986062577,
        1866.0956986062577,
        1866.0956986062577,
        1866.0956986062577,
        1866.0956986062577,
        1399.5717739546933,
        1399.5717739546933,
        1399.5717739546933,
        1399.5717739546933,
        1866.0956986062577,
        1866.0956986062577,
        1866.0956986062577,
        1866.0956986062577,
        2488.127598141677,
        2488.127598141677,
        2488.127598141677,
        2488.127598141677,
        2488.127598141677,
        2488.127598141677,
        2488.127598141677,
        2488.127598141677,
        2488.127598141677,
        2488.127598141677,
        2488.127598141677,
        2488.127598141677
    ],
    "fc′": [
        80.0,
        80.0,
        80.0,
        80.0,
        40.0,
        40.0,
        40.0,
        40.0,
        80.0,
        80.0,
        80.0,
        80.0,
        80.0,
        80.0,
        80.0,
        80.0,
        60.0,
        60.0,
        60.0,
        60.0,
        80.0,
        80.0,
        80.0,
        80.0,
        80.0,
        80.0,
        80.0,
        80.0,
        80.0,
        80.0,
        80.0,
        80.0,
        80.0,
        80.0,
        80.0,
        80.0
    ],
    "max_dps": [
        300.0,
        300.0,
        300.0,
        300.0,
        300.0,
        300.0,
        300.0,
        300.0,
        300.0,
        300.0,
        300.0,
        300.0,
        200.0,
        200.0,
        200.0,
        200.0,
        200.0,
        200.0,
        200.0,
        200.0,
        200.0,
        200.0,
        200.0,
        200.0,
        0.0,
        0.0,
        0.0,
        0.0,
        0.0,
        0.0,
        0.0,
        0.0,
        0.0,
        0.0,
        0.0,
        0.0
    ],
    "T": [
        3.0,
        3.0,
        3.0,
        3.0,
        3.0,
        3.0,
        3.0,
        3.0,
        3.0,
        3.0,
        3.0,
        3.0,
        3.0,
        3.0,
        3.0,
        3.0,
        3.0,
        3.0,
        3.0,
        3.0,
        3.0,
        3.0,
        3.0,
        3.0,
        4.0,
        4.0,
        4.0,
        4.0,
        4.0,
        4.0,
        4.0,
        4.0,
        4.0,
        4.0,
        4.0,
        4.0
    ],
    "as": [
        402.1238596594935,
        402.1238596594935,
        402.1238596594935,
        402.1238596594935,
        402.1238596594935,
        402.1238596594935,
        402.1238596594935,
        402.1238596594935,
        402.1238596594935,
        402.1238596594935,
        402.1238596594935,
        402.1238596594935,
        402.1238596594935,
        402.1238596594935,
        402.1238596594935,
        402.1238596594935,
        402.1238596594935,
        402.1238596594935,
        402.1238596594935,
        402.1238596594935,
        402.1238596594935,
        402.1238596594935,
        402.1238596594935,
        402.1238596594935,
        226.1946710584651,
        226.1946710584651,
        226.1946710584651,
        226.1946710584651,
        226.1946710584651,
        226.1946710584651,
        226.1946710584651,
        226.1946710584651,
        226.1946710584651,
        226.1946710584651,
        226.1946710584651,
        226.1946710584651
    ],