{"min_dps":[50.0,50.0,50.0,150.0,150.0,150.0,150.0,50.0,50.0,50.0,50.0,50.0,50.0,150.0,150.0,150.0,150.0,150.0,50.0,50.0,50.0,0.0,0.0,0.0,0.0,0.0,0.0,0.0,0.0,0.0,0.0,0.0,0.0],"fps":[265.95054972078276,265.95054972078276,265.95054972078276,172.6252748603914,172.6252748603914,172.6252748603914,172.6252748603914,265.95054972078276,265.95054972078276,265.95054972078276,265.95054972078276,265.95054972078276,265.95054972078276,172.6252748603914,172.6252748603914,172.6252748603914,172.6252748603914,172.6252748603914,265.95054972078276,265.95054972078276,265.95054972078276,0.0,0.0,0.0,0.0,0.0,0.0,0.0,0.0,0.0,0.0,0.0,0.0],"ID":[548,548,548,758,758,758,758,548,548,548,548,548,548,758,758,758,758,758,548,548,548,1639,1639,1639,1639,1639,1639,1639,1639,1639,1639,1639,1639],"Lc":[30.0,30.0,30.0,30.0,30.0,30.0,30.0,30.0,30.0,30.0,30.0,30.0,30.0,30.0,30.0,30.0,30.0,30.0,30.0,30.0,30.0,30.0,30.0,30.0,30.0,30.0,30.0,30.0,30.0,30.0,30.0,30.0,30.0],"carbon":[26.7148311262313,26.7148311262313,26.7148311262313,21.659696092914096,21.659696092914096,21.659696092914096,21.659696092914096,26.7148311262313,26.7148311262313,26.7148311262313,26.7148311262313,26.7148311262313,26.7148311262313,21.659696092914096,21.659696092914096,21.659696092914096,21.659696092914096,21.659696092914096,26.7148311262313,26.7148311262313,26.7148311262313,32.82091157080543,32.82091157080543,32.82091157080543,32.82091157080543,32.82091157080543,32.82091157080543,32.82091157080543,32.82091157080543,32.82091157080543,32.82091157080543,32.82091157080543,32.82091157080543],"load":[401.0,401.0,401.0,401.0,401.0,401.0,401.0,401.0,401.0,401.0,401.0,401.0,401.0,401.0,401.0,401.0,401.0,401.0,401.0,401.0,401.0,2486.0,2486.0,2486.0,2486.0,2486.0,2486.0,2486.0,2486.0,2486.0,2486.0,2486.0,2486.0],"Pu":[1866.0956986062577,1866.0956986062577,1866.0956986062577,933.0478493031288,933.0478493031288,933.0478493031288,933.0478493031288,1866.0956986062577,1866.0956986062577,1866.0956986062577,1866.0956986062577,1866.0956986062577,1866.0956986062577,933.0478493031288,933.0478493031288,933.0478493031288,933.0478493031288,933.0478493031288,1866.0956986062577,1866.0956986062577,1866.0956986062577,2488.127598141677,2488.127598141677,2488.127598141677,2488.127598141677,2488.127598141677,2488.127598141677,2488.127598141677,2488.127598141677,2488.127598141677,2488.127598141677,2488.127598141677,2488.127598141677],"fc′":[80.0,80.0,80.0,40.0,40.0,40.0,40.0,80.0,80.0,80.0,80.0,80.0,80.0,40.0,40.0,40.0,40.0,40.0,80.0,80.0,80.0,80.0,80.0,80.0,80.0,80.0,80.0,80.0,80.0,80.0,80.0,80.0,80.0],"max_dps":[300.0,300.0,300.0,300.0,300.0,300.0,300.0,300.0,300.0,300.0,200.0,200.0,200.0,200.0,200.0,200.0,200.0,200.0,200.0,200.0,200.0,0.0,0.0,0.0,0.0,0.0,0.0,0.0,0.0,0.0,0.0,0.0,0.0],"T":[3.0,3.0,3.0,3.0,3.0,3.0,3.0,3.0,3.0,3.0,3.0,3.0,3.0,3.0,3.0,3.0,3.0,3.0,3.0,3.0,3.0,4.0,4.0,4.0,4.0,4.0,4.0,4.0,4.0,4.0,4.0,4.0,4.0],"as":[226.1946710584651,226.1946710584651,226.1946710584651,226.1946710584651,226.1946710584651,226.1946710584651,226.1946710584651,226.1946710584651,226.1946710584651,226.1946710584651,226.1946710584651,226.1946710584651,226.1946710584651,226.1946710584651,226.1946710584651,226.1946710584651,226.1946710584651,226.1946710584651,226.1946710584651,226.1946710584651,226.1946710584651,226.1946710584651,226.1946710584651,226.1946710584651,226.1946710584651,226.1946710584651,226.1946710584651,226.1946710584651,226.1946710584651,226.1946710584651,226.1946710584651,226.1946710584651,226.1946710584651],"fpe":[9.3,9.3,9.3,9.3,9.3,9.3,9.3,9.3,9.3,9.3,9.3,9.3,9.3,9.3,9.3,9.3,9.3,9.3,9.3,9.3,9.3,0.0,0.0,0.0,0.0,0.0,0.0,0.0,0.0,0.0,0.0,0.0,0.0],"Vu":[201.15522565852646,201.15522565852646,201.15522565852646,113.91068035625308,113.91068035625308,113.91068035625308,113.91068035625308,201.15522565852646,201.15522565852646,201.15522565852646,201.15522565852646,201.15522565852646,201.15522565852646,113.91068035625308,113.91068035625308,113.91068035625308,113.91068035625308,113.91068035625308,201.15522565852646,201.15522565852646,201.15522565852646,80.65770669162788,80.65770669162788,80.65770669162788,80.65770669162788,80.65770669162788,80.65770669162788,80.65770669162788,80.65770669162788,80.65770669162788,80.65770669162788,80.65770669162788,80.65770669162788],"fR3":[8.27,8.27,8.27,3.5,3.5,3.5,3.5,8.27,8.27,8.27,8.27,8.27,8.27,3.5,3.5,3.5,3.5,3.5,8.27,8.27,8.27,5.73,5.73,5.73,5.73,5.73,5.73,5.73,5.73,5.73,5.73,5.73,5.73],"dosage":[40.0,40.0,40.0,20.0,20.0,20.0,20.0,40.0,40.0,40.0,40.0,40.0,40.0,20.0,20.0,20.0,20.0,20.0,40.0,40.0,40.0,20.0,20.0,20.0,20.0,20.0,20.0,20.0,20.0,20.0,20.0,20.0,20.0],"L":[205.0,205.0,205.0,205.0,205.0,205.0,205.0,205.0,205.0,205.0,205.0,205.0,205.0,205.0,205.0,205.0,205.0,205.0,205.0,205.0,205.0,205.0,205.0,205.0,205.0,205.0,205.0,205.0,205.0,205.0,205.0,205.0,205.0],"Mu":[379.43755943071665,379.43755943071665,379.43755943071665,307.14741294839644,307.14741294839644,307.14741294839644,307.14741294839644,379.43755943071665,379.43755943071665,379.43755943071665,379.43755943071665,379.43755943071665,379.43755943071665,307.14741294839644,307.14741294839644,307.14741294839644,307.14741294839644,307.14741294839644,379.43755943071665,379.43755943071665,379.43755943071665,259.75882620218556,259.75882620218556,259.75882620218556,259.75882620218556,259.75882620218556,259.75882620218556,259.75882620218556,259.75882620218556,259.75882620218556,259.75882620218556,259.75882620218556,259.75882620218556],"axial_force":[610.3608217498445,610.3608217498445,610.3608217498445,610.3608217498445,610.3608217498445,610.3608217498445,610.3608217498445,610.3608217498445,610.3608217498445,610.3608217498445,610.3608217498445,610.3608217498445,610.3608217498445,610.3608217498445,610.3608217498445,610.3608217498445,610.3608217498445,610.3608217498445,610.3608217498445,610.3608217498445,610.3608217498445,268.85902230542627,268.85902230542627,268.85902230542627,268.85902230542627,268.85902230542627,268.85902230542627,268.85902230542627,268.85902230542627,268.85902230542627,268.85902230542627,268.85902230542627,268.85902230542627],"dps":[50.0,50.0,50.0,150.0,150.0,150.0,150.0,50.0,50.0,50.0,50.0,50.0,50.0,150.0,150.0,150.0,150.0,150.0,50.0,50.0,50.0,0.0,0.0,0.0,0.0,0.0,0.0,0.0,0.0,0.0,0.0,0.0,0.0],"t":[35.0,35.0,35.0,35.0,35.0,35.0,35.0,35.0,35.0,35.0,35.0,35.0,35.0,35.0,35.0,35.0,35.0,35.0,35.0,35.0,35.0,35.0,35.0,35.0,35.0,35.0,35.0,35.0,35.0,35.0,35.0,35.0,35.0],"fR1":[7.5,7.5,7.5,2.97,2.97,2.97,2.97,7.5,7.5,7.5,7.5,7.5,7.5,2.97,2.97,2.97,2.97,2.97,7.5,7.5,7.5,5.11,5.11,5.11,5.11,5.11,5.11,5.11,5.11,5.11,5.11,5.11,5.11]}