fc′,dosage,fR1,fR3
35.0,25.0,3.35,3.98
28.0,20.0,2.08574,2.671598
35.0,20.0,2.85,3.37
80.0,40.0,7.4959,8.27077
67.0,30.0,5.54,6.27
40.0,40.0,5.06,5.81
28.0,25.0,2.68324,3.308028
35.0,35.0,4.35,5.1
50.0,40.0,5.69,6.41
67.0,40.0,6.98,7.67
40.0,35.0,4.54,5.28
35.0,30.0,3.85,4.56
