fc′,fR1,fR3
67.0,6.26,6.99
28.0,2.08574,2.671598
80.0,5.1059,5.72505
40.0,3.49,4.13
35.0,2.85,3.37
